PrimaryActivityCode,SecondaryActivityCode,DescriptiveLabel,StartDate,UniBathWeekNo,DayOfWeek,StartTime,EndTime,DurationMins,EnjoymentScore,AdditionalData1,AdditionalData2
S801,,Slept,2022-02-20,21,Sunday,23:00:00,07:00:00,480.0,0.0,,
UD415,R523,Checked the news on phone,2022-02-21,22,Monday,07:00:00,07:30:00,30.0,-1.0,,
ED145,,Had breakfast,2022-02-21,22,Monday,07:30:00,08:00:00,30.0,0.0,,
O733,,"Got ready, showered",2022-02-21,22,Monday,08:00:00,08:30:00,30.0,0.0,,
CW982,,did some Statistics problem sheets,2022-02-21,22,Monday,08:30:00,09:30:00,60.0,0.0,,
T695,UD415,Texted friends while travelling by bus,2022-02-21,22,Monday,09:30:00,10:00:00,30.0,0.0,,
O733,L418,Shopped at Lidl,2022-02-21,22,Monday,10:00:00,11:30:00,90.0,-1.0,,
T695,UD415,Texted friends while travelling by bus,2022-02-21,22,Monday,11:30:00,12:00:00,30.0,-1.0,,
EL642,,Online Lecture,2022-02-21,22,Monday,12:15:00,13:15:00,60.0,1.0,,
ED145,UD415,Lunch while watching show,2022-02-21,22,Monday,13:15:00,13:45:00,30.0,-1.0,,
T695,UD415,Watched video while travelling by bus,2022-02-21,22,Monday,13:45:00,14:15:00,30.0,1.0,,
EL642,,Lecture had,2022-02-21,22,Monday,14:15:00,15:15:00,60.0,1.0,,
T695,L418,Travelled by bus and talked to friend,2022-02-21,22,Monday,15:15:00,15:45:00,30.0,-1.0,,
H179,L418,Cleaned the kitchen and my bedroom while listening to music,2022-02-21,22,Monday,15:45:00,16:30:00,45.0,0.0,,
H179,,Did Laundry,2022-02-21,22,Monday,16:30:00,16:45:00,15.0,2.0,,
L418,UD415,Watched videos,2022-02-21,22,Monday,16:45:00,17:00:00,15.0,2.0,,
ED145,,Ate supper,2022-02-21,22,Monday,17:00:00,18:00:00,60.0,2.0,,
X893,,Took a walk,2022-02-21,22,Monday,18:00:00,19:00:00,60.0,0.0,,
L418,UD415,Watched a movie,2022-02-21,22,Monday,19:00:00,21:30:00,150.0,0.0,,
O733,,Got ready for bed,2022-02-21,22,Monday,21:30:00,22:30:00,60.0,2.0,,
S801,,,2022-02-21,22,Monday,22:30:00,07:00:00,510.0,-1.0,,
UD415,R523,Checked reddit,2022-02-22,22,Tuesday,07:00:00,07:30:00,30.0,-1.0,,
O733,,"Got ready, showered",2022-02-22,22,Tuesday,07:30:00,08:30:00,60.0,0.0,,
T695,UD415,Texted friends while travelling by bus,2022-02-22,22,Tuesday,08:30:00,09:00:00,30.0,2.0,,
EL642,,Few lectures,2022-02-22,22,Tuesday,09:15:00,12:15:00,180.0,1.0,,
ED145,CW982,Had lunch while consolidating lectures,2022-02-22,22,Tuesday,12:15:00,13:15:00,60.0,0.0,,
EL642,,Work,2022-02-22,22,Tuesday,13:15:00,14:15:00,60.0,1.0,,
CW982,,python for ADS lab 3,2022-02-22,22,Tuesday,14:15:00,16:15:00,120.0,1.0,,
EL642,UD415,Watched online lecture,2022-02-22,22,Tuesday,16:15:00,17:15:00,60.0,2.0,,
T695,R523,Went home on bus,2022-02-22,22,Tuesday,17:15:00,17:45:00,30.0,-1.0,,
ED145,,Supper,2022-02-22,22,Tuesday,17:45:00,18:30:00,45.0,-1.0,,
CW982,,finished python for ADS lab 3,2022-02-22,22,Tuesday,18:30:00,20:30:00,120.0,-1.0,,
EL642,UD415,caught up on lectures with notes,2022-02-22,22,Tuesday,20:30:00,22:30:00,120.0,1.0,,
L418,UD415,Watched a few tv shows,2022-02-22,22,Tuesday,22:30:00,23:45:00,75.0,0.0,,
S801,,,2022-02-22,22,Tuesday,23:45:00,07:00:00,435.0,-1.0,,
UD415,R523,Checked the news on phone,2022-02-23,22,Wednesday,07:00:00,07:30:00,30.0,0.0,,
O733,,"Got ready, showered",2022-02-23,22,Wednesday,07:30:00,08:30:00,60.0,-1.0,,
ED145,,Had breakfast,2022-02-23,22,Wednesday,08:30:00,09:00:00,30.0,-1.0,,
T695,,Walked to town,2022-02-23,22,Wednesday,09:00:00,09:15:00,15.0,2.0,,
L418,O733,Went shopping around in town for a few hours,2022-02-23,22,Wednesday,09:15:00,12:00:00,165.0,1.0,,
ED145,L418,Coffee with friends,2022-02-23,22,Wednesday,12:00:00,14:00:00,120.0,1.0,,
L418,X893,Walked in park,2022-02-23,22,Wednesday,14:00:00,15:30:00,90.0,2.0,,
T695,L418,Bus to uni with friends,2022-02-23,22,Wednesday,15:30:00,16:00:00,30.0,0.0,,
EL642,UD415,PC class,2022-02-23,22,Wednesday,16:15:00,18:15:00,120.0,2.0,,
T695,R523,"Went home, read reddit",2022-02-23,22,Wednesday,18:15:00,18:45:00,30.0,2.0,,
ED145,L418,Eating food and cooked,2022-02-23,22,Wednesday,18:45:00,19:45:00,60.0,-1.0,,
X893,,Quick run,2022-02-23,22,Wednesday,19:45:00,20:30:00,45.0,0.0,,
O733,,Showered,2022-02-23,22,Wednesday,20:30:00,21:00:00,30.0,2.0,,
L418,UD415,Watched movie,2022-02-23,22,Wednesday,21:00:00,23:30:00,150.0,-1.0,,
S801,,Slept,2022-02-23,22,Wednesday,23:30:00,08:00:00,510.0,-1.0,,
