PrimaryActivityCode,SecondaryActivityCode,DescriptiveLabel,StartDate,UniBathWeekNo,DayOfWeek,StartTime,EndTime,DurationMins,EnjoymentScore,TensionLevel,SharpnessLevel
S801,,Sleeping,14/02/2022,21,Monday,00:15:00,10:00:00,585,2,0,
O733,,Showering/Getting dressed,14/02/2022,21,Monday,10:00:00,10:15:00,15,0,0,0
EL642,,Supervisor meeting,14/02/2022,21,Monday,10:15:00,11:15:00,60,1,1,3
L418,UD415,Browsing Reddit,14/02/2022,21,Monday,11:15:00,12:00:00,45,2,0,1
L418,T695,Went for a drive,14/02/2022,21,Monday,12:00:00,13:00:00,60,1,1,2
ED145,,Making lunch,14/02/2022,21,Monday,13:00:00,14:00:00,60,1,0,0
CW982,EL642,ADS Lab 3,14/02/2022,21,Monday,14:00:00,18:30:00,270,-2,3,2
UD415,,Phoned a friend,14/02/2022,21,Monday,18:30:00,19:30:00,60,1,0,3
ED145,,Dinner,14/02/2022,21,Monday,19:30:00,20:00:00,30,2,0,1
CW982,,ADS Lab 3,14/02/2022,21,Monday,20:00:00,22:00:00,120,-2,2,1
L418,,Journalling,14/02/2022,21,Monday,22:00:00,23:00:00,60,2,0,3
L418,UD415,Gaming,14/02/2022,21,Monday,23:00:00,04:30:00,330,2,0,2
S801,,Sleeping,15/02/2022,21,Tuesday,04:30:00,11:30:00,420,2,0,
O733,,Showering/Getting dressed,15/02/2022,21,Tuesday,11:30:00,12:00:00,30,2,0,0
L418,T695,Went for a drive,15/02/2022,21,Tuesday,12:15:00,13:15:00,60,2,2,3
L418,UD415,Gaming,15/02/2022,21,Tuesday,13:15:00,18:00:00,285,2,0,2
ED145,,Dinner,15/02/2022,21,Tuesday,18:00:00,19:00:00,60,0,0,0
L418,UD415,Gaming,15/02/2022,21,Tuesday,19:00:00,23:00:00,240,2,0,1
L418,,Journalling,15/02/2022,21,Tuesday,23:00:00,00:00:00,60,2,0,3
CW982,EL642,ADS Lab 3,16/02/2022,21,Wednesday,00:00:00,02:00:00,120,-2,1,2
L418,UD415,Gaming,16/02/2022,21,Wednesday,02:00:00,04:00:00,120,2,0,0
S801,,Sleeping,16/02/2022,21,Wednesday,04:00:00,11:15:00,435,2,0,
O733,,Showering/Getting dressed,16/02/2022,21,Wednesday,11:15:00,11:30:00,15,2,0,0
CW982,EL642,ADS Lab 3,16/02/2022,21,Wednesday,11:30:00,15:00:00,210,-1,1,2
L418,UD415,Gaming,16/02/2022,21,Wednesday,15:00:00,18:00:00,180,2,0,1
ED145,,Dinner,16/02/2022,21,Wednesday,18:00:00,18:30:00,30,2,0,1
CW982,EL642,ADS Lab 3,16/02/2022,21,Wednesday,18:30:00,20:00:00,90,-2,2,2
X893,L418,Went for a walk,16/02/2022,21,Wednesday,20:00:00,20:30:00,30,1,0,2
CW982,EL642,ADS Lab 3,16/02/2022,21,Wednesday,20:30:00,22:00:00,90,-2,2,2
L418,UD415,Gaming,16/02/2022,21,Wednesday,22:00:00,23:00:00,60,2,0,1
L418,,Journalling,16/02/2022,21,Wednesday,23:00:00,00:00:00,60,1,0,3
L418,UD415,Gaming,17/02/2022,21,Thursday,00:00:00,04:00:00,240,2,0,0
S801,,Sleeping,17/02/2022,21,Thursday,04:00:00,12:00:00,480,2,0,
L418,UD415,Gaming,17/02/2022,21,Thursday,12:00:00,14:00:00,120,2,0,1
CW982,EL642,ADS Lab 3,17/02/2022,21,Thursday,14:00:00,16:00:00,120,-2,0,1
L418,UD415,Gaming,17/02/2022,21,Thursday,16:00:00,20:00:00,240,2,0,2
O733,UD415,Chatting with a friend,17/02/2022,21,Thursday,20:00:00,22:00:00,120,2,0,1
L418,,Journalling,17/02/2022,21,Thursday,22:00:00,23:00:00,60,1,0,3
CW982,EL642,ADS Lab 3,17/02/2022,21,Thursday,23:00:00,00:00:00,60,-2,2,2
